timestamp,bid,ask
2025-08-05T09:00:00.234634Z,1.0999690429866384,1.100048727113455
2025-08-05T09:00:01.739695Z,1.09986932870422,1.1000151734255887
2025-08-05T09:00:02.398068Z,1.0999243169862227,1.099999080967521
2025-08-05T09:00:02.854539Z,1.099898918451456,1.1000869212496405
2025-08-05T09:00:02.939351Z,1.0999447603338834,1.1000988823215303
2025-08-05T09:00:03.024149Z,1.1000385693379828,1.1001156917630095
2025-08-05T09:00:03.054068Z,1.100053007048592,1.1001875465947395
2025-08-05T09:00:04.059683Z,1.1000886004321115,1.100200992611832
2025-08-05T09:00:04.519224Z,1.1000598807914845,1.1002258395170057
2025-08-05T09:00:05.134849Z,1.0999523534300595,1.1001693759523605
2025-08-05T09:00:05.145249Z,1.1000564396753638,1.1001126810518815
2025-08-05T09:00:06.897028Z,1.1000193832706495,1.1001751345746067
2025-08-05T09:00:07.790243Z,1.1000424040584373,1.1001843974186591
2025-08-05T09:00:07.909587Z,1.0999595499415364,1.1001431169453588
2025-08-05T09:00:08.009926Z,1.0999189939685539,1.1000796537999658
2025-08-05T09:00:08.111232Z,1.099999570393887,1.1001119719272998
2025-08-05T09:00:08.292609Z,1.0999899379760378,1.1001239852792544
2025-08-05T09:00:08.664573Z,1.1000399163091628,1.1001501150163226
2025-08-05T09:00:08.947342Z,1.099998156689721,1.100201957046651
2025-08-05T09:00:09.119453Z,1.1000298399168447,1.1001809054992782
2025-08-05T09:00:09.592638Z,1.100034694898172,1.1002797544324598
2025-08-05T09:00:09.667755Z,1.1000615969528817,1.1002085639121908
2025-08-05T09:00:09.840513Z,1.1000871019843725,1.1002016816460272
2025-08-05T09:00:10.068652Z,1.1000881890759056,1.100162503356275
2025-08-05T09:00:10.373119Z,1.1000779782405583,1.1001378212567456
2025-08-05T09:00:11.142087Z,1.1000616577160893,1.100132450918939
2025-08-05T09:00:11.253455Z,1.1000319708977535,1.1001953272303042
2025-08-05T09:00:11.614470Z,1.1000067468547108,1.1001821831058722
2025-08-05T09:00:12.063222Z,1.1001291389622576,1.100200079427156
2025-08-05T09:00:12.087004Z,1.1000270056053867,1.1002217575210906
2025-08-05T09:00:12.554671Z,1.100057833468051,1.100183680415467
2025-08-05T09:00:12.648152Z,1.1000256184240034,1.1001829580746028
2025-08-05T09:00:12.681784Z,1.1000700441200566,1.1003006551514694
2025-08-05T09:00:14.168628Z,1.1001046792738367,1.1002995212396298
2025-08-05T09:00:15.853943Z,1.1001939572240225,1.1003305306916273
2025-08-05T09:00:16.680109Z,1.1001396467076698,1.100245087096399
2025-08-05T09:00:16.861753Z,1.1001883981354983,1.1002383981354982
2025-08-05T09:00:16.913142Z,1.1002099011352435,1.1003239434692815
2025-08-05T09:00:17.489517Z,1.1002090691178825,1.1003485126059411
2025-08-05T09:00:17.779562Z,1.1002916179722921,1.1003922589959345
2025-08-05T09:00:17.844638Z,1.100251319878918,1.1003947570305637
2025-08-05T09:00:18.186412Z,1.1003276681580556,1.1004815107522035
2025-08-05T09:00:18.203909Z,1.1004633753021769,1.1006021325030866
2025-08-05T09:00:19.404120Z,1.1004636802474885,1.1005811801184473
2025-08-05T09:00:19.553849Z,1.1004287570098596,1.1005871897434578
2025-08-05T09:00:20.096977Z,1.1005068567492886,1.1006789537817672
2025-08-05T09:00:20.283750Z,1.1006369684986896,1.1007324485448173
2025-08-05T09:00:20.650805Z,1.1005564618381511,1.1007770084571387
2025-08-05T09:00:21.046417Z,1.100581779924024,1.1007268505174097
2025-08-05T09:00:21.148611Z,1.1005738615607712,1.1007248040419186
2025-08-05T09:00:22.895015Z,1.100496045221865,1.100681455943028
2025-08-05T09:00:23.641138Z,1.1004698446581431,1.1006315054647062
2025-08-05T09:00:25.043685Z,1.1004094288587423,1.100607085690438
2025-08-05T09:00:26.169761Z,1.1003962534748941,1.1005606096831542
2025-08-05T09:00:26.625288Z,1.100427709553738,1.1005470876850059
2025-08-05T09:00:27.900006Z,1.1004267090152584,1.1005947841915187
2025-08-05T09:00:27.946334Z,1.1005573912609112,1.100650204950545
2025-08-05T09:00:28.055401Z,1.1004847210888693,1.1006401490741582
2025-08-05T09:00:28.078542Z,1.100551923586055,1.100700262086523
2025-08-05T09:00:28.275308Z,1.1005567596675847,1.100696353824721
2025-08-05T09:00:28.521373Z,1.1005641417645056,1.1007077148889335
2025-08-05T09:00:28.679653Z,1.100655961060382,1.1007118686081072
2025-08-05T09:00:29.561932Z,1.100575417387202,1.100697981141815
2025-08-05T09:00:29.782545Z,1.1005922917019257,1.1007469339469826
2025-08-05T09:00:29.947446Z,1.1006122614824967,1.1007702543020967
2025-08-05T09:00:30.338650Z,1.100681159144222,1.1007797753871755
2025-08-05T09:00:30.414599Z,1.1006524249085368,1.1008657103005801
2025-08-05T09:00:31.224841Z,1.1008500776216872,1.1009567688792763
2025-08-05T09:00:31.263579Z,1.1007837277046821,1.1009822005647085
2025-08-05T09:00:33.430652Z,1.100782697349752,1.1009540570678455
2025-08-05T09:00:34.170394Z,1.1007901905604431,1.1009078791949511
2025-08-05T09:00:34.281164Z,1.1007141009986585,1.1009528665432888
2025-08-05T09:00:34.283933Z,1.1007685562252663,1.1008588743836785
2025-08-05T09:00:35.128881Z,1.1007940988214169,1.1009900565300974
2025-08-05T09:00:35.742429Z,1.1008831115257438,1.101083140641646
2025-08-05T09:00:36.395260Z,1.1009092079341825,1.1010256769237285
2025-08-05T09:00:37.132867Z,1.1008280476037215,1.1010476708687247
2025-08-05T09:00:37.171332Z,1.1009098737481537,1.1010473714224236
2025-08-05T09:00:37.393278Z,1.1008822333335433,1.1010466680150073
2025-08-05T09:00:37.454853Z,1.100932862481342,1.1010958785732805
2025-08-05T09:00:38.449118Z,1.1009696655689782,1.1011129501319048
2025-08-05T09:00:38.937269Z,1.1008803207810478,1.101070861194706
2025-08-05T09:00:39.138178Z,1.1009808270252284,1.101170501461256
2025-08-05T09:00:39.171012Z,1.1011581710840477,1.1012207444853859
2025-08-05T09:00:39.357256Z,1.1010654284714594,1.1012806454836035
2025-08-05T09:00:39.553913Z,1.10113555392928,1.101202429329878
2025-08-05T09:00:40.207851Z,1.1011008732192382,1.1013025005294554
2025-08-05T09:00:40.715296Z,1.1011340677004129,1.1013404029572542
2025-08-05T09:00:41.806422Z,1.1012428966549188,1.101338348333408
2025-08-05T09:00:42.125955Z,1.1013530778358844,1.1014825371214867
2025-08-05T09:00:42.189641Z,1.1013787864741964,1.101473501240772
2025-08-05T09:00:42.814204Z,1.1013311646791872,1.101470418627673
2025-08-05T09:00:43.529400Z,1.1012765914768219,1.1014111897626127
2025-08-05T09:00:43.941344Z,1.1012280465431712,1.1014170295697847
2025-08-05T09:00:44.678289Z,1.101231741534043,1.101447256971349
2025-08-05T09:00:45.018696Z,1.1013467794397058,1.1015665636302454
2025-08-05T09:00:45.388535Z,1.1013865463957062,1.1015084379943771
2025-08-05T09:00:45.667442Z,1.1014093603075343,1.1015488992138471
2025-08-05T09:00:45.680316Z,1.1014648832547451,1.101530711345134
2025-08-05T09:00:45.737400Z,1.101527975573237,1.101637682069912
2025-08-05T09:00:45.753367Z,1.1016425714347204,1.1018408140163753
2025-08-05T09:00:46.259232Z,1.1016172626978162,1.1018480418389938
2025-08-05T09:00:46.447930Z,1.1016819247989613,1.1017702073553675
2025-08-05T09:00:46.803149Z,1.1017439887989535,1.1018643655859959
2025-08-05T09:00:47.993782Z,1.1017882147588436,1.1019368944709957
2025-08-05T09:00:48.137151Z,1.1019034714966058,1.1020674795545466
2025-08-05T09:00:48.401292Z,1.1019841440337663,1.1020936638577703
2025-08-05T09:00:49.105667Z,1.1019547894290846,1.102125992481308
2025-08-05T09:00:49.235570Z,1.1020314925065364,1.1021578005391828
2025-08-05T09:00:49.275622Z,1.102103194554665,1.102252471941121
2025-08-05T09:00:49.446692Z,1.102156632248849,1.102333946461249
2025-08-05T09:00:49.534596Z,1.1022204392425705,1.102370760356061
2025-08-05T09:00:50.862071Z,1.1023131199295524,1.1024413006350262
2025-08-05T09:00:51.687515Z,1.1023925176654725,1.1025370371752763
2025-08-05T09:00:52.189262Z,1.1024916553169861,1.1026372371690258
2025-08-05T09:00:53.215022Z,1.102557778632653,1.1026892780811588
2025-08-05T09:00:54.029006Z,1.1025688297464797,1.1027058899433464
2025-08-05T09:00:54.132254Z,1.1025539264632647,1.1027838588217898
2025-08-05T09:00:55.247661Z,1.102670792883948,1.102848838856345
2025-08-05T09:00:55.635211Z,1.1026702849541898,1.1028055109382886
2025-08-05T09:00:56.458885Z,1.102690041058373,1.1028748887785986
2025-08-05T09:00:57.591006Z,1.1027179279160162,1.1028512369415284
2025-08-05T09:00:57.782371Z,1.1027062046794596,1.1029148609113388
2025-08-05T09:00:57.840667Z,1.102822535769325,1.102991017878935
2025-08-05T09:00:57.970010Z,1.1028699235322206,1.1030145584250204
2025-08-05T09:00:58.248539Z,1.1028835920442068,1.1030559778904974
2025-08-05T09:00:59.100454Z,1.1028827207307725,1.102954176923169
2025-08-05T09:01:00.086126Z,1.1029389503880924,1.103032612014647
2025-08-05T09:01:00.089614Z,1.1030025198115359,1.103092823561216
2025-08-05T09:01:00.447052Z,1.1031167880612196,1.103273935215958
2025-08-05T09:01:00.717189Z,1.1030856085854153,1.1033222343353895
2025-08-05T09:01:00.842773Z,1.1031116406696266,1.103373205676936
2025-08-05T09:01:00.906613Z,1.103191891360773,1.103373793915845
2025-08-05T09:01:01.112567Z,1.1033110826339094,1.1034861248576566
2025-08-05T09:01:02.544128Z,1.1033899544165908,1.1034499015298833
2025-08-05T09:01:02.739320Z,1.1034012245520315,1.1035240908620447
2025-08-05T09:01:03.105046Z,1.1034689462685536,1.1035795570809581
2025-08-05T09:01:03.712089Z,1.1035026800273329,1.1036216376474202
2025-08-05T09:01:03.938076Z,1.1034935118011193,1.1036351046101902
2025-08-05T09:01:05.721975Z,1.103539857152959,1.1036662526240744
2025-08-05T09:01:07.362980Z,1.1036665451991619,1.103717580208643
2025-08-05T09:01:07.508011Z,1.1035680044394478,1.1037553999522538
2025-08-05T09:01:07.851841Z,1.1036494053532007,1.1037457682019136
2025-08-05T09:01:08.030806Z,1.1036051642921418,1.1037671266353473
2025-08-05T09:01:08.198431Z,1.1036562321805041,1.1039099363139915
2025-08-05T09:01:08.217223Z,1.1036729190356234,1.1037769498060441
2025-08-05T09:01:08.687469Z,1.1036970623063014,1.1037470623063013
2025-08-05T09:01:09.036729Z,1.103705099974648,1.1038407997635542
2025-08-05T09:01:09.063155Z,1.1037896105855034,1.1039946585672533
2025-08-05T09:01:09.226468Z,1.1037940956127197,1.1040420129854307
2025-08-05T09:01:10.420898Z,1.1038718188721246,1.1039603413924022
2025-08-05T09:01:10.557828Z,1.1039667936980797,1.1041416286592416
2025-08-05T09:01:10.636093Z,1.1039378901376695,1.1040646246148307
2025-08-05T09:01:10.972229Z,1.1038328869556278,1.1039775895379127
2025-08-05T09:01:13.094247Z,1.103820143584224,1.1041023607515748
2025-08-05T09:01:13.232819Z,1.1039257708353225,1.1040006223189027
2025-08-05T09:01:13.790397Z,1.1038540280420392,1.1040167150251141
2025-08-05T09:01:14.507341Z,1.1039208378611653,1.1040942225197536
2025-08-05T09:01:14.643008Z,1.1039509383860664,1.1041552277023134
2025-08-05T09:01:15.294382Z,1.103974686487939,1.1041295856456124
2025-08-05T09:01:15.523643Z,1.1039272147008965,1.1040926172278718
2025-08-05T09:01:16.023895Z,1.1040272936579445,1.1041577112295733
2025-08-05T09:01:16.525814Z,1.1040807177644059,1.104244174111468
2025-08-05T09:01:16.909507Z,1.1041227287427313,1.1042555691289566
2025-08-05T09:01:16.956822Z,1.1042384670209475,1.1044195456154402
2025-08-05T09:01:17.858644Z,1.1042339239667687,1.1043654434499666
2025-08-05T09:01:18.052049Z,1.1041595971426725,1.1043284521623675
2025-08-05T09:01:18.155265Z,1.1041627351748688,1.1043112720341848
2025-08-05T09:01:18.176080Z,1.1041646394579072,1.1043709419704457
2025-08-05T09:01:18.622969Z,1.104241899155321,1.1043893294691416
2025-08-05T09:01:19.188895Z,1.1043047035630709,1.1043660519396603
2025-08-05T09:01:19.197258Z,1.1042834177909626,1.1044965138659981
2025-08-05T09:01:19.556073Z,1.104298710588821,1.1044034239737777
2025-08-05T09:01:19.684485Z,1.104411268208464,1.1045285798915316
2025-08-05T09:01:20.202547Z,1.1044396323117232,1.1045598492470208
2025-08-05T09:01:20.298349Z,1.1044906442034141,1.1047093661080727
2025-08-05T09:01:20.885455Z,1.1046301140641461,1.104680114064146
2025-08-05T09:01:21.129934Z,1.1045636818266384,1.1048705692533214
2025-08-05T09:01:22.510106Z,1.1046845892835786,1.104887392124032
2025-08-05T09:01:22.584078Z,1.1047673262334494,1.104928488179156
2025-08-05T09:01:22.792644Z,1.1048478819756826,1.104995137275652
2025-08-05T09:01:22.852866Z,1.1049535988945307,1.1051178765982737
2025-08-05T09:01:24.145961Z,1.1049954842365344,1.1051715403579532
2025-08-05T09:01:25.195128Z,1.1050705716684048,1.1052528324477022
2025-08-05T09:01:25.344292Z,1.1051041108022581,1.1052818910255582
2025-08-05T09:01:25.883673Z,1.1052375757795785,1.1053920548136413
2025-08-05T09:01:26.733415Z,1.1052417686514795,1.1053819017304642
2025-08-05T09:01:27.138481Z,1.105384295424293,1.10552673176011
2025-08-05T09:01:27.515621Z,1.105420388650846,1.1055606432368286
2025-08-05T09:01:27.654060Z,1.105340007163295,1.1055466956681383
2025-08-05T09:01:27.702923Z,1.1053988774111434,1.1055785552472575
2025-08-05T09:01:28.840485Z,1.1054612848964607,1.1055112848964606
2025-08-05T09:01:29.993872Z,1.105482957361899,1.1056657524007254
2025-08-05T09:01:30.495207Z,1.1054940734974956,1.1056538103072315
2025-08-05T09:01:30.702230Z,1.1055114373258434,1.1056605018880212
2025-08-05T09:01:30.917014Z,1.1054469993013094,1.105577573378655
2025-08-05T09:01:31.564247Z,1.105421197754072,1.1056274033900713
2025-08-05T09:01:32.701296Z,1.1053203018195972,1.1055176781427032
2025-08-05T09:01:33.791862Z,1.1053081845317774,1.105419540648386
2025-08-05T09:01:34.548643Z,1.105363612799895,1.105533965414251
2025-08-05T09:01:35.062298Z,1.1054847545244075,1.1055861716876803
2025-08-05T09:01:35.106244Z,1.10556031790761,1.1056413369993703
2025-08-05T09:01:35.194391Z,1.1055237694449898,1.1056424335837605
2025-08-05T09:01:36.338506Z,1.1055240067608894,1.1057171264345087
2025-08-05T09:01:36.804753Z,1.1055620402091977,1.1057596964614667
2025-08-05T09:01:36.809373Z,1.105544293023093,1.105719947294098
2025-08-05T09:01:36.862871Z,1.1056701225273553,1.1058563773166976
2025-08-05T09:01:37.407452Z,1.1057691420684537,1.1059449509828092
2025-08-05T09:01:37.409989Z,1.1058261037239703,1.1059440296442093
2025-08-05T09:01:37.497647Z,1.1058423821119374,1.1060139782391711
2025-08-05T09:01:37.895496Z,1.1058874053144947,1.1060774257907562
2025-08-05T09:01:38.484154Z,1.1058074524502706,1.1059951670167614
2025-08-05T09:01:39.011875Z,1.1058237688604808,1.1060332145290548
2025-08-05T09:01:39.138850Z,1.105836918059921,1.1060223332522812
2025-08-05T09:01:39.761559Z,1.1058278394088268,1.105995411819204
2025-08-05T09:01:39.896971Z,1.1058355567664566,1.1060390642783726
2025-08-05T09:01:40.093788Z,1.1060145394796836,1.1061632134167212
2025-08-05T09:01:40.779967Z,1.1061177625619463,1.1062236688293847
2025-08-05T09:01:41.304354Z,1.1061084584330796,1.1062503050848822
2025-08-05T09:01:42.250332Z,1.1062011554131566,1.106313910280916
2025-08-05T09:01:42.786239Z,1.1063279270180086,1.1064441681042598
2025-08-05T09:01:43.206261Z,1.1064146210521786,1.1065573951186427
2025-08-05T09:01:43.255440Z,1.1064784766611457,1.1065888556650956
2025-08-05T09:01:43.484648Z,1.1064712730576094,1.1066058749811276
2025-08-05T09:01:43.638728Z,1.106597812969141,1.1066531322357933
2025-08-05T09:01:43.778578Z,1.106613714616001,1.1067743793013698
2025-08-05T09:01:45.584733Z,1.1067183674308456,1.106868427704614
2025-08-05T09:01:45.834427Z,1.1068225585586593,1.106931704127106
2025-08-05T09:01:46.947455Z,1.1068948883193122,1.1070778506027337
2025-08-05T09:01:47.446122Z,1.1069006527710004,1.1070975312778817
2025-08-05T09:01:48.238035Z,1.1070903675940782,1.1071599896008597
2025-08-05T09:01:48.587253Z,1.1071271188601735,1.107238982621245
2025-08-05T09:01:49.017331Z,1.1073002456958077,1.1074117885783181
2025-08-05T09:01:49.356478Z,1.1073084932374637,1.1074114980824084
2025-08-05T09:01:49.465085Z,1.1074170084792156,1.1076084822213124
2025-08-05T09:01:50.105966Z,1.1075012959169979,1.1076416046100592
2025-08-05T09:01:50.270755Z,1.107509850829626,1.1076466250875605
2025-08-05T09:01:50.283063Z,1.1075704794471024,1.1076204794471023
2025-08-05T09:01:50.801547Z,1.107532058727468,1.1077138296289786
2025-08-05T09:01:50.899014Z,1.1076523581229598,1.1077403952032172
2025-08-05T09:01:52.309556Z,1.1076995965105343,1.1078525931420475
2025-08-05T09:01:53.848337Z,1.1077065616736654,1.1078704305205636
2025-08-05T09:01:55.080092Z,1.1077259075486676,1.1079439404784597
2025-08-05T09:01:55.311236Z,1.1079728971313014,1.1080574561113457
2025-08-05T09:01:55.319025Z,1.1081451204025619,1.1081951204025617
2025-08-05T09:01:56.636787Z,1.1081659852427486,1.1083251777199863
2025-08-05T09:01:56.916256Z,1.10817662295508,1.1084166485141556
2025-08-05T09:01:58.616677Z,1.1082469856904125,1.1084589330080596
2025-08-05T09:02:00.273545Z,1.1083597863953318,1.1085202693660954
2025-08-05T09:02:01.232239Z,1.1083632522235753,1.1084886704142936
2025-08-05T09:02:01.406627Z,1.1083643103968714,1.1085546665267032
2025-08-05T09:02:01.649773Z,1.108355000241223,1.1084563229312376
2025-08-05T09:02:02.602136Z,1.108393401996493,1.1085672198849608
2025-08-05T09:02:02.792709Z,1.1084829380110937,1.1086582115190522
2025-08-05T09:02:02.885568Z,1.10848928979892,1.1086923002942948
2025-08-05T09:02:03.292436Z,1.1085951615786442,1.10888314458059
2025-08-05T09:02:04.668083Z,1.1086286837546921,1.1087983045530512
2025-08-05T09:02:05.263496Z,1.1086108360247593,1.108735387843474
2025-08-05T09:02:05.685552Z,1.1086637719753134,1.1088124932597037
2025-08-05T09:02:05.736666Z,1.1088238988351085,1.1088854450398642
2025-08-05T09:02:06.213931Z,1.1089535700163011,1.1090688343597466
2025-08-05T09:02:08.519216Z,1.108969379236558,1.1090989151146522
2025-08-05T09:02:08.594676Z,1.1090914788700819,1.1092152744501853
2025-08-05T09:02:08.959924Z,1.1091241547205222,1.109281772464124
2025-08-05T09:02:10.009228Z,1.1091899072647748,1.1092987862681556
2025-08-05T09:02:10.684245Z,1.1092490538393034,1.1094551053726698
2025-08-05T09:02:11.281282Z,1.1093705378182304,1.1095205481714763
2025-08-05T09:02:11.887426Z,1.109324664858304,1.1094741998422468
2025-08-05T09:02:12.110172Z,1.109478269176003,1.1096118744401773
2025-08-05T09:02:12.283953Z,1.1096060297598869,1.10976378929408
2025-08-05T09:02:13.112640Z,1.109603309615132,1.1097945645283653
2025-08-05T09:02:13.943304Z,1.1097240489036995,1.109830692392914
2025-08-05T09:02:14.952279Z,1.109803649048573,1.1099207432241194
2025-08-05T09:02:16.174587Z,1.109865131305246,1.1099999450038072
2025-08-05T09:02:16.532634Z,1.10991061908005,1.1099933255338765
2025-08-05T09:02:16.880726Z,1.1099094057485237,1.1100184428555377
2025-08-05T09:02:17.681201Z,1.1099537189572948,1.1100799079136177
2025-08-05T09:02:18.206061Z,1.1100487085226944,1.1102424279817302
2025-08-05T09:02:18.811336Z,1.1101532435320227,1.1103163715984727
2025-08-05T09:02:19.605646Z,1.1101866100715092,1.1103462895670775
2025-08-05T09:02:20.709308Z,1.1102742813280855,1.110466826226194
2025-08-05T09:02:20.915549Z,1.1101740759944654,1.1103172074050456
2025-08-05T09:02:21.151017Z,1.1102893262241926,1.1104588494666892
2025-08-05T09:02:21.200365Z,1.1102472067349927,1.1103920456473462
2025-08-05T09:02:21.632072Z,1.1102710352632534,1.1104343033807236
2025-08-05T09:02:21.650374Z,1.110277381039978,1.1103982431070973
2025-08-05T09:02:21.963677Z,1.1102869806390525,1.1103369806390524
2025-08-05T09:02:22.354824Z,1.1103707522876909,1.1105140383295815
2025-08-05T09:02:22.523639Z,1.1103588799647905,1.1105800173715954
2025-08-05T09:02:22.970455Z,1.1104503500540777,1.1106466608241898
2025-08-05T09:02:22.985943Z,1.1105035720780871,1.110701841952317
2025-08-05T09:02:23.004975Z,1.1105845935367475,1.1107964000728376
2025-08-05T09:02:23.869651Z,1.1106757540108128,1.1108301868903607
2025-08-05T09:02:24.092944Z,1.1106489146596832,1.1108087804450533
2025-08-05T09:02:24.160889Z,1.1107908744523318,1.1109099918575602
2025-08-05T09:02:24.530216Z,1.1108099274442713,1.11094412380147
2025-08-05T09:02:25.265040Z,1.1107454263850893,1.1109262149425778
2025-08-05T09:02:25.386599Z,1.1107618581783665,1.1109720524002251
2025-08-05T09:02:25.874209Z,1.1109502620103082,1.1110932896965242
2025-08-05T09:02:25.918815Z,1.1110714212894481,1.1111989118262056
2025-08-05T09:02:25.945348Z,1.1110969031983788,1.1112469295963219
2025-08-05T09:02:26.324302Z,1.1111187738762358,1.1112988342136823
2025-08-05T09:02:26.713257Z,1.1112087379907016,1.111286545249895
2025-08-05T09:02:27.220526Z,1.1114157280717167,1.1114657280717166
2025-08-05T09:02:27.868006Z,1.1114639103974693,1.1115863835549946
2025-08-05T09:02:29.729785Z,1.1115683844259352,1.1116573488046395
2025-08-05T09:02:30.092931Z,1.1116771312578895,1.111801724248007
2025-08-05T09:02:30.287941Z,1.111743941180692,1.1118865521647512
2025-08-05T09:02:31.080768Z,1.1117955147458063,1.111922852325355
2025-08-05T09:02:31.238694Z,1.1117960314266577,1.1120186548033812
2025-08-05T09:02:31.527686Z,1.1118805660889912,1.1120469033272211
2025-08-05T09:02:31.568539Z,1.1119400217014148,1.1121050454193953
2025-08-05T09:02:31.581378Z,1.1120403809916302,1.1122214913488322
2025-08-05T09:02:33.225068Z,1.112149348032165,1.112242406376276
2025-08-05T09:02:34.128952Z,1.1122040656727108,1.1124060212620817
2025-08-05T09:02:34.724273Z,1.1122886761960484,1.1124348879817219
2025-08-05T09:02:34.987203Z,1.1123372666178832,1.1125207906487453
2025-08-05T09:02:35.082356Z,1.1123136665578295,1.1124100736961775
2025-08-05T09:02:35.167416Z,1.1124476710325215,1.1125199830942205
2025-08-05T09:02:35.311419Z,1.1124735868066036,1.112664481289505
2025-08-05T09:02:35.709814Z,1.112612337804719,1.112781158281024
2025-08-05T09:02:36.336739Z,1.1125192328606686,1.1126241302829507
2025-08-05T09:02:36.876434Z,1.1127174812183993,1.1128239980643357
2025-08-05T09:02:37.040640Z,1.1127220060454959,1.1129282777847167
2025-08-05T09:02:38.589692Z,1.1129156808339629,1.1130062102393194
2025-08-05T09:02:39.259201Z,1.1128410117503664,1.1130731453980292
2025-08-05T09:02:39.663316Z,1.1130085794765103,1.113113548439778
2025-08-05T09:02:40.136331Z,1.11296565251889,1.1131475721151705
2025-08-05T09:02:40.408350Z,1.1130135576623477,1.1131471267385604
2025-08-05T09:02:40.550681Z,1.1131798459070437,1.1133600052785977
2025-08-05T09:02:40.770688Z,1.113260880163682,1.1133836744635766
2025-08-05T09:02:41.479779Z,1.1133305579374626,1.1134724182921591
2025-08-05T09:02:41.487028Z,1.1134475603722096,1.1135996063309792
2025-08-05T09:02:41.548718Z,1.1135714544445654,1.1136713450717761
2025-08-05T09:02:41.572265Z,1.1136032943149206,1.1137903355321914
2025-08-05T09:02:41.593056Z,1.1137243130385246,1.1138486523602011
2025-08-05T09:02:42.560158Z,1.1139407174623963,1.1140792874666292
2025-08-05T09:02:43.168278Z,1.1140222127046087,1.1141224952358784
2025-08-05T09:02:43.489670Z,1.114126874685779,1.114176874685779
2025-08-05T09:02:43.541148Z,1.1142171671566792,1.114357615768549
2025-08-05T09:02:43.879407Z,1.1142914284670127,1.1145620592380934
2025-08-05T09:02:44.200132Z,1.1144770722187691,1.114666302433164
2025-08-05T09:02:44.295229Z,1.114606270046367,1.1147553070273803
2025-08-05T09:02:44.579679Z,1.114604372503124,1.1147412279616635
2025-08-05T09:02:44.833847Z,1.1147722917050595,1.1149234149997
2025-08-05T09:02:45.312208Z,1.1147512551536407,1.1149286111093997
2025-08-05T09:02:45.816265Z,1.1148822403706913,1.1149731997299257
2025-08-05T09:02:45.839446Z,1.1148431026528924,1.115048818737626
2025-08-05T09:02:46.074138Z,1.1149170448579304,1.1151028139237025
2025-08-05T09:02:46.565700Z,1.11500708680172,1.1151929960880054
2025-08-05T09:02:46.915420Z,1.1151039025737088,1.1152758263606495
2025-08-05T09:02:47.886095Z,1.1152110488320117,1.1153620296648965
2025-08-05T09:02:48.423582Z,1.1153704712029158,1.115554114264714
2025-08-05T09:02:48.512508Z,1.1154716732422172,1.1156512639489045
2025-08-05T09:02:48.549099Z,1.1155484728179894,1.1156807707824423
2025-08-05T09:02:49.063296Z,1.1156873948903623,1.1158087148017175
2025-08-05T09:02:49.076731Z,1.1158191160201738,1.1159742088349367
2025-08-05T09:02:49.517405Z,1.1157713516827716,1.1159988026903462
2025-08-05T09:02:50.926033Z,1.1159508081338927,1.11603885278011
2025-08-05T09:02:51.354424Z,1.116073377041438,1.1161500007781504
2025-08-05T09:02:51.600074Z,1.116083241339924,1.116241479381986
2025-08-05T09:02:52.115488Z,1.1162482451673035,1.1164007895523964
2025-08-05T09:02:52.421966Z,1.1163060252328174,1.1164646923160357
2025-08-05T09:02:52.816373Z,1.1163836390377455,1.116545836697641
2025-08-05T09:02:54.235437Z,1.1164549883769184,1.1165938282641867
2025-08-05T09:02:54.479401Z,1.1164845902757061,1.1167090834476363
2025-08-05T09:02:56.103947Z,1.1165603047313075,1.1166302595323838
2025-08-05T09:02:57.282735Z,1.1165166401069906,1.1166252152557516
2025-08-05T09:02:57.391683Z,1.11667694523792,1.1168217824999127
2025-08-05T09:02:57.427625Z,1.1167309860128534,1.1167988265722955
2025-08-05T09:02:57.480738Z,1.1167003440246823,1.1168415513044607
2025-08-05T09:02:57.489933Z,1.1165828713594608,1.116815944867747
2025-08-05T09:02:57.539536Z,1.1166538155328656,1.1168048598572802
2025-08-05T09:02:58.113973Z,1.1166328480962353,1.1167943831415215
2025-08-05T09:02:58.150898Z,1.11685321026502,1.1169402020267611
2025-08-05T09:02:58.342977Z,1.1169780688030917,1.1170972507326895
2025-08-05T09:02:59.274740Z,1.1169993208299962,1.1171305610109799
2025-08-05T09:02:59.286514Z,1.1172226803397296,1.117356794584892
2025-08-05T09:03:00.128779Z,1.1173224348071649,1.1175365169969151
2025-08-05T09:03:00.294321Z,1.1173927075812427,1.1175705921342791
2025-08-05T09:03:00.357196Z,1.117340602759898,1.117435029862051
2025-08-05T09:03:00.953774Z,1.1175351105454387,1.1176974357843603
2025-08-05T09:03:01.449474Z,1.117509861222686,1.1176847723101109
2025-08-05T09:03:02.499182Z,1.1174577669135541,1.1176647743654804
2025-08-05T09:03:03.163329Z,1.1175905715156047,1.1178195985499333
2025-08-05T09:03:03.976827Z,1.1178950217758208,1.1179942670662293
2025-08-05T09:03:04.142494Z,1.1180585673173973,1.1181680244418366
2025-08-05T09:03:04.240161Z,1.1181832675086085,1.1182703886156629
2025-08-05T09:03:04.934539Z,1.118273498440034,1.1184117974470786
2025-08-05T09:03:05.756644Z,1.1183894868000988,1.118562804718821
2025-08-05T09:03:08.085146Z,1.118503789980505,1.1187031567063346
2025-08-05T09:03:08.351186Z,1.1186256082057746,1.1187718106545923
2025-08-05T09:03:08.583808Z,1.1187151626232072,1.1188491702470444
2025-08-05T09:03:09.332785Z,1.1187757279480215,1.1189333158476338
2025-08-05T09:03:09.541152Z,1.1188261162710826,1.118934359126001
2025-08-05T09:03:10.876221Z,1.1188109426529342,1.119065419589019
2025-08-05T09:03:11.853641Z,1.1188657465503655,1.1189353634990096
2025-08-05T09:03:12.133819Z,1.118891596906602,1.119050833935547
2025-08-05T09:03:12.828711Z,1.1188560505199319,1.1191072308308931
2025-08-05T09:03:13.531027Z,1.1189092374512875,1.1190595774435153
2025-08-05T09:03:13.585446Z,1.119004263003422,1.1191447610516718
2025-08-05T09:03:14.749669Z,1.1191811285929951,1.1193132563218544
2025-08-05T09:03:15.101523Z,1.1193174028646942,1.1194583832806062
2025-08-05T09:03:15.977189Z,1.1192501539612214,1.1194687963849554
2025-08-05T09:03:16.170057Z,1.1193457284374841,1.119395728437484
2025-08-05T09:03:17.299452Z,1.1194002696190621,1.119626941304127
2025-08-05T09:03:17.545946Z,1.1194862436428237,1.1195650457852013
2025-08-05T09:03:17.551394Z,1.1195211676713477,1.1196578350548858
2025-08-05T09:03:18.730348Z,1.1196421065380482,1.1197706443170332
2025-08-05T09:03:18.778211Z,1.1196301158160418,1.11980954347953
2025-08-05T09:03:18.970538Z,1.1197716995190339,1.1198417933014397
2025-08-05T09:03:20.469024Z,1.1197089664330495,1.1198820750663534
2025-08-05T09:03:21.972999Z,1.119708900056505,1.1199601155376695
2025-08-05T09:03:22.398998Z,1.1198957258220088,1.1199775671217793
2025-08-05T09:03:22.898613Z,1.1198283748646858,1.1199878601730664
2025-08-05T09:03:23.196120Z,1.119960454799479,1.1200773556905894
2025-08-05T09:03:23.369631Z,1.1200127341982988,1.1201840285586087
2025-08-05T09:03:23.568874Z,1.1201417607491326,1.1202927181380036
2025-08-05T09:03:24.127036Z,1.1202548124394143,1.1203727380939619
2025-08-05T09:03:24.824955Z,1.1204015042813786,1.1205758978956224
2025-08-05T09:03:25.609053Z,1.120458736890609,1.1206989542960983
2025-08-05T09:03:26.388469Z,1.1205608744170223,1.1207013292274361
2025-08-05T09:03:26.436287Z,1.1206284247561917,1.120814412653299
2025-08-05T09:03:26.777312Z,1.120798183297106,1.1208835196492124
2025-08-05T09:03:26.806953Z,1.1208754033696564,1.1209775815508156
2025-08-05T09:03:27.205684Z,1.120924938437753,1.1210985587516473
2025-08-05T09:03:27.496962Z,1.1209339844786899,1.1211581902801167
2025-08-05T09:03:28.590271Z,1.1209993861441072,1.1211671668115466
2025-08-05T09:03:28.806367Z,1.1210025009469018,1.1211368480453758
2025-08-05T09:03:28.868620Z,1.1211984538261897,1.1213484183964608
2025-08-05T09:03:28.945774Z,1.1212273109908355,1.1213147906041372
2025-08-05T09:03:29.662489Z,1.1212166981624876,1.1213969239288055
2025-08-05T09:03:30.143942Z,1.1212439121829527,1.1214380288360688
2025-08-05T09:03:30.197246Z,1.1214229807218077,1.1215503762051662
2025-08-05T09:03:30.241174Z,1.121487156253903,1.121613654146515
2025-08-05T09:03:30.844778Z,1.121639269562677,1.1218025634741593
2025-08-05T09:03:30.882551Z,1.1216947324949156,1.1218228965081134
2025-08-05T09:03:31.745144Z,1.1217894112148497,1.1219361045841183
2025-08-05T09:03:32.357644Z,1.12176228081588,1.1220172669053385
2025-08-05T09:03:32.400068Z,1.1220544791836455,1.1221921278986082
2025-08-05T09:03:32.444395Z,1.1220601868101376,1.1221922698025366
2025-08-05T09:03:34.602124Z,1.1221742563175674,1.1222918792272858
2025-08-05T09:03:34.836543Z,1.1222689536356778,1.1224561632342527
2025-08-05T09:03:35.068071Z,1.122406522034461,1.1225474608258
2025-08-05T09:03:35.905859Z,1.1224912786772432,1.1226088100253273
2025-08-05T09:03:37.376941Z,1.1225190902916018,1.1227351554932152
2025-08-05T09:03:39.511328Z,1.1226059479395096,1.1228269280897352
2025-08-05T09:03:40.211278Z,1.1227326859444176,1.1228526647661308
2025-08-05T09:03:40.447288Z,1.1229179813088455,1.1229746543112773
2025-08-05T09:03:40.490885Z,1.1230866893549287,1.1232870650394207
2025-08-05T09:03:41.241506Z,1.1231771940024633,1.1232929625111752
2025-08-05T09:03:41.650186Z,1.1231321280117268,1.1233216592916848
2025-08-05T09:03:41.926203Z,1.1232823509397103,1.1233338457488249
2025-08-05T09:03:43.110322Z,1.1234780603792527,1.1236726902461678
2025-08-05T09:03:43.169262Z,1.1235623457415618,1.1236517871450977
2025-08-05T09:03:43.508515Z,1.1237159978645785,1.123902536070532
2025-08-05T09:03:43.514224Z,1.1239390324470488,1.1240897461004409
2025-08-05T09:03:43.830401Z,1.124012849549875,1.1241151525789053
2025-08-05T09:03:43.859376Z,1.1241273396851292,1.1242569878694828
2025-08-05T09:03:43.922621Z,1.124302375497833,1.1244866914206808
2025-08-05T09:03:43.985134Z,1.1243791784661494,1.1245344731888054
2025-08-05T09:03:44.508918Z,1.124441949892269,1.1246211705412927
2025-08-05T09:03:45.194217Z,1.1244556082173565,1.124704430246582
2025-08-05T09:03:45.631994Z,1.1245624388856315,1.1246342268050458
2025-08-05T09:03:47.269354Z,1.124526951993212,1.1247578126219604
2025-08-05T09:03:47.504252Z,1.124568732582992,1.124723950379868
2025-08-05T09:03:47.672487Z,1.1246860626029225,1.1247911234005064
2025-08-05T09:03:48.687238Z,1.1247329175346654,1.1248164018533786
2025-08-05T09:03:48.813779Z,1.12481100351476,1.1249515474952212
2025-08-05T09:03:50.465214Z,1.1247644724099537,1.1249605549155501
2025-08-05T09:03:50.471328Z,1.1249045037847425,1.1250481263287238
2025-08-05T09:03:52.222591Z,1.1250128207801917,1.1252383785267042
2025-08-05T09:03:52.244650Z,1.1250377572665478,1.1251151984820453
2025-08-05T09:03:53.353511Z,1.125119179482441,1.1252685750350484
2025-08-05T09:03:53.728583Z,1.1253277896988756,1.1254151700266548
2025-08-05T09:03:56.206997Z,1.125293776185205,1.1254619577793363
2025-08-05T09:03:56.245328Z,1.1254900299041817,1.1256843742736866
2025-08-05T09:03:56.648883Z,1.1256440405269668,1.1257730024372827
2025-08-05T09:03:58.390671Z,1.1257258737970453,1.1257758737970451
2025-08-05T09:03:58.760893Z,1.1257591494920305,1.1259190968993702
2025-08-05T09:03:59.257207Z,1.1258849113301186,1.1260567482577053
2025-08-05T09:03:59.852158Z,1.1259836146333044,1.1261538293710527
2025-08-05T09:04:00.155222Z,1.126093540114676,1.1263053292242673
2025-08-05T09:04:00.649059Z,1.1261791308825182,1.1262755781985359
2025-08-05T09:04:01.087972Z,1.126240369658543,1.1264243804638157
2025-08-05T09:04:02.245088Z,1.126220964498131,1.126430589873755
2025-08-05T09:04:02.268344Z,1.1263808022737687,1.1264418728945682
2025-08-05T09:04:02.433265Z,1.1263580548005103,1.1265240373918062
2025-08-05T09:04:03.935263Z,1.1264204158519369,1.1265452068603863
2025-08-05T09:04:05.040101Z,1.1265912325711773,1.1267371564375224
2025-08-05T09:04:05.344189Z,1.1267518515305637,1.1269192353547408
2025-08-05T09:04:05.828156Z,1.1269101467899842,1.1270357853617785
2025-08-05T09:04:05.990593Z,1.1269319813272591,1.1270481959233012
2025-08-05T09:04:06.094795Z,1.1269864728171253,1.1271381804379998
2025-08-05T09:04:06.406324Z,1.127195314148458,1.127290951851515
2025-08-05T09:04:06.624301Z,1.1273003327796802,1.127396041523236
2025-08-05T09:04:07.062423Z,1.1275158905991927,1.1276998592633405
2025-08-05T09:04:07.102884Z,1.1276848609150245,1.1277774212132665
2025-08-05T09:04:08.935364Z,1.1277486492758357,1.1279319649008812
2025-08-05T09:04:11.077297Z,1.1278275015765502,1.128000631141193
2025-08-05T09:04:11.676229Z,1.127987582949968,1.1280512926135282
2025-08-05T09:04:12.060268Z,1.128046602396342,1.128162724163725
2025-08-05T09:04:12.245458Z,1.128146386390174,1.1283560918603264
2025-08-05T09:04:13.085912Z,1.1283652177089103,1.1284661594323533
2025-08-05T09:04:13.663077Z,1.1283929665214771,1.1285197463083618
2025-08-05T09:04:13.751814Z,1.1283718214715333,1.128544924516196
2025-08-05T09:04:14.960965Z,1.1283299917549516,1.1285191612804157
2025-08-05T09:04:15.825462Z,1.128489157433044,1.1286265804887416
2025-08-05T09:04:17.321331Z,1.1285164777879146,1.1286366022781802
2025-08-05T09:04:17.968133Z,1.1284099911540968,1.1286311096471817
2025-08-05T09:04:18.443335Z,1.1285274200622992,1.1287643650454893
2025-08-05T09:04:18.714186Z,1.1288220537814102,1.1290209966839495
2025-08-05T09:04:20.063695Z,1.1289419434417087,1.1290962093488368
2025-08-05T09:04:21.068891Z,1.1291222938545702,1.1292318805684882
2025-08-05T09:04:21.092027Z,1.129227024347447,1.1293355021271192
2025-08-05T09:04:21.105387Z,1.129284643421806,1.1294607691270693
2025-08-05T09:04:21.341561Z,1.129451602824113,1.1296225227351575
2025-08-05T09:04:22.173385Z,1.129505127781349,1.1297252077109965
2025-08-05T09:04:24.355523Z,1.1296420562354643,1.1298245787400911
2025-08-05T09:04:24.437028Z,1.1298181094820408,1.1298929554669528
2025-08-05T09:04:24.887890Z,1.129805801188155,1.1300083985690415
2025-08-05T09:04:25.127627Z,1.1300276166581447,1.1301277136267789
2025-08-05T09:04:26.879481Z,1.1300994584152222,1.1302302598516247
2025-08-05T09:04:27.802438Z,1.1301293621034976,1.1302918721138102
2025-08-05T09:04:28.713533Z,1.1302242415562704,1.1304740249307594
2025-08-05T09:04:29.029741Z,1.1302322206815887,1.1305377166093888
2025-08-05T09:04:29.297658Z,1.130397237067096,1.130577573220053
2025-08-05T09:04:29.457352Z,1.1305169194361169,1.130657759605181
2025-08-05T09:04:29.486365Z,1.1306776618991925,1.1308543871816166
2025-08-05T09:04:30.486578Z,1.1308038431388185,1.1309982259101123
2025-08-05T09:04:31.324637Z,1.1309333607252914,1.1310673273440137
2025-08-05T09:04:35.410860Z,1.1310404857711205,1.131280246338916
2025-08-05T09:04:38.258297Z,1.1312809628521736,1.1314424663901332
2025-08-05T09:04:38.663623Z,1.1314159913634063,1.131590878517861
2025-08-05T09:04:39.396265Z,1.1315143273526316,1.1316976235652343
2025-08-05T09:04:40.844351Z,1.1315280436048223,1.1316991229353528
2025-08-05T09:04:41.791737Z,1.1315431108063512,1.1317350578313745
2025-08-05T09:04:41.933813Z,1.131659858341876,1.1317789956825488
2025-08-05T09:04:42.233226Z,1.1317169825897333,1.131839067502036
2025-08-05T09:04:42.302374Z,1.1318197178362468,1.131914710124598
2025-08-05T09:04:43.842486Z,1.1318881352153205,1.1320601102768515
2025-08-05T09:04:44.308410Z,1.132020824285934,1.1322097711111097
2025-08-05T09:04:44.438212Z,1.13212694077983,1.1322998294231374
2025-08-05T09:04:44.995127Z,1.1322349502829723,1.1324686749046395
2025-08-05T09:04:45.476462Z,1.1323851163808523,1.1325348365799108
2025-08-05T09:04:45.698172Z,1.1323293806831167,1.1325128177658963
2025-08-05T09:04:45.758442Z,1.1324094368875743,1.1325048518437673
2025-08-05T09:04:46.315163Z,1.1324854425059747,1.1326160875208509
2025-08-05T09:04:46.682468Z,1.1324751909247606,1.132659967812639
2025-08-05T09:04:47.422372Z,1.1326190680305734,1.1328115231361104
2025-08-05T09:04:47.789527Z,1.132862825154642,1.1329981268072589
2025-08-05T09:04:48.745412Z,1.1330500937784906,1.1331965138158977
2025-08-05T09:04:49.146789Z,1.1331756915535536,1.1332497978662195
2025-08-05T09:04:49.558346Z,1.1333595697183747,1.1334917182583344
2025-08-05T09:04:50.604725Z,1.133444362128573,1.133638881286749
2025-08-05T09:04:50.863049Z,1.1335332277572108,1.1337119880080162
2025-08-05T09:04:50.934993Z,1.133596230484472,1.133771263770541
2025-08-05T09:04:50.949596Z,1.1336913212722566,1.1338438099566157
2025-08-05T09:04:51.653125Z,1.1337701603487014,1.1339205135066328
2025-08-05T09:04:52.137324Z,1.1339052645756371,1.1340222485186635
2025-08-05T09:04:52.746157Z,1.1339891650930656,1.1341741065140756
2025-08-05T09:04:52.865898Z,1.134102739027748,1.1342737876749676
2025-08-05T09:04:52.939204Z,1.134239236881489,1.1344138378238888
2025-08-05T09:04:52.946530Z,1.1344578355110975,1.134581533768964
2025-08-05T09:04:53.162374Z,1.1346705259473808,1.1347205259473807
2025-08-05T09:04:53.608073Z,1.1345923613988005,1.134797219034388
2025-08-05T09:04:53.857064Z,1.134553517821225,1.1346795759484247
2025-08-05T09:04:54.144724Z,1.1347384180112186,1.1348452792230166
2025-08-05T09:04:55.317255Z,1.1347077646772137,1.1348924386228094
2025-08-05T09:04:55.531306Z,1.1348263206404565,1.1349567200084605
2025-08-05T09:04:55.892069Z,1.134812862576058,1.1350158593952606
2025-08-05T09:04:56.657505Z,1.134800960513404,1.134981810810883
2025-08-05T09:04:56.910045Z,1.1349469548115545,1.1351311332777145
2025-08-05T09:04:57.396590Z,1.135161873846682,1.1352435760611221
2025-08-05T09:04:58.388160Z,1.1351640562530936,1.1353746534523628
2025-08-05T09:04:59.881255Z,1.1351079131836777,1.1352709757102395
2025-08-05T09:04:59.960796Z,1.135192822957577,1.1353243591006146
2025-08-05T09:05:01.266627Z,1.135317655482311,1.135474824905678
2025-08-05T09:05:01.605378Z,1.1353671330413952,1.1354283212797505
2025-08-05T09:05:01.754746Z,1.1354353152303946,1.1356057478709685
2025-08-05T09:05:02.062039Z,1.135579754230353,1.1356782856549439
2025-08-05T09:05:04.018866Z,1.1357398622461627,1.1358222287318707
2025-08-05T09:05:04.358112Z,1.1358627681847941,1.135936650225483
2025-08-05T09:05:04.557420Z,1.1358359840180083,1.1360416184367577
2025-08-05T09:05:05.059163Z,1.136077154667009,1.1361956914973244
2025-08-05T09:05:05.196477Z,1.1361219441322556,1.1363486305177513
2025-08-05T09:05:05.235925Z,1.1362822946500746,1.136405504576922
2025-08-05T09:05:05.304913Z,1.1363541743892553,1.1364188064913758
2025-08-05T09:05:05.373422Z,1.1364179494765254,1.1365121232545279
2025-08-05T09:05:05.455802Z,1.136405571445493,1.1366173620264934
2025-08-05T09:05:05.530532Z,1.1365389914178574,1.1366811965089605
2025-08-05T09:05:06.042574Z,1.1367854238281467,1.1369080094633224
2025-08-05T09:05:06.142947Z,1.1367789617846127,1.1369369626959054
2025-08-05T09:05:06.355017Z,1.1367641206303034,1.1369392097671116
2025-08-05T09:05:07.490504Z,1.136968342124781,1.1371742120655761
2025-08-05T09:05:07.811695Z,1.1370568419413236,1.1372792669028184
2025-08-05T09:05:08.362340Z,1.13716532126431,1.1372973328320206
2025-08-05T09:05:08.456904Z,1.1373780800974775,1.1374617777131735
2025-08-05T09:05:08.563679Z,1.1374234935160916,1.1375528202580356
2025-08-05T09:05:08.584543Z,1.1376532283732927,1.1378162423986218
2025-08-05T09:05:08.677067Z,1.1378464504825956,1.1379482625362851
2025-08-05T09:05:08.840341Z,1.137923605587463,1.1380257480417182
2025-08-05T09:05:08.937747Z,1.138162551089833,1.1383297404839106
2025-08-05T09:05:08.984190Z,1.1382413531184776,1.1383889205008992
2025-08-05T09:05:09.048468Z,1.138407354285595,1.1385589941353658
2025-08-05T09:05:09.357283Z,1.1385628542113044,1.1386749294445695
2025-08-05T09:05:09.472829Z,1.1387591269346204,1.1388976068989103
2025-08-05T09:05:09.699320Z,1.1390052086971647,1.1391089970399515
2025-08-05T09:05:10.049323Z,1.1390764437906957,1.1392709537112518
2025-08-05T09:05:10.635552Z,1.1391318807541289,1.139333643220865
2025-08-05T09:05:10.655605Z,1.1393522877718039,1.139409978378692
2025-08-05T09:05:11.458852Z,1.1393942997780169,1.1394978242350073
2025-08-05T09:05:11.953149Z,1.13967138379969,1.1397465573369352
2025-08-05T09:05:11.995797Z,1.1397753251840048,1.1398928239872843
2025-08-05T09:05:13.029864Z,1.1398495210850663,1.1399953491865766
2025-08-05T09:05:14.298211Z,1.1400126534640698,1.1400901712030846
2025-08-05T09:05:14.329722Z,1.1400158937802616,1.1401198007896054
2025-08-05T09:05:14.491810Z,1.1400621580245938,1.1401619601559898
2025-08-05T09:05:15.312278Z,1.1402361234416933,1.1403964868081633
2025-08-05T09:05:16.001957Z,1.1403072496973319,1.1404607169141838
2025-08-05T09:05:16.103947Z,1.140366134436158,1.140480047558491
2025-08-05T09:05:16.221397Z,1.1404995704922378,1.140658411535845
2025-08-05T09:05:16.452790Z,1.1407215493620313,1.140844215357802
2025-08-05T09:05:16.784121Z,1.140884350322972,1.1410207675674557
2025-08-05T09:05:17.265622Z,1.1410259973280208,1.1412596699325357
2025-08-05T09:05:17.495778Z,1.1410955471316668,1.1413125701842561
2025-08-05T09:05:17.806224Z,1.1411738849839073,1.141258905922061
2025-08-05T09:05:18.494338Z,1.1413487280496546,1.1415402146705484
2025-08-05T09:05:18.513024Z,1.1414428873800029,1.1416334572077274
2025-08-05T09:05:18.658492Z,1.1415910379675396,1.141683624803102
2025-08-05T09:05:19.283238Z,1.1417577146232631,1.141948653505451
2025-08-05T09:05:20.411121Z,1.141898785774249,1.1421256823701698
2025-08-05T09:05:20.769511Z,1.142117109021277,1.1422109817809647
2025-08-05T09:05:21.149276Z,1.1423901766575604,1.1424943015165097
2025-08-05T09:05:21.205957Z,1.1424127400116075,1.1426136230849495
2025-08-05T09:05:21.502529Z,1.1426185761972876,1.1427821509628286
2025-08-05T09:05:21.882832Z,1.1427345859612688,1.142912159775031
2025-08-05T09:05:22.021678Z,1.1428786662701786,1.1430456957309985
2025-08-05T09:05:22.178515Z,1.143109518343796,1.1432790531398422
2025-08-05T09:05:22.415347Z,1.1433092735054604,1.1433929498990447
2025-08-05T09:05:22.425485Z,1.1434091750563435,1.1436115409416747
2025-08-05T09:05:22.619847Z,1.1436050453635513,1.143813524863173
2025-08-05T09:05:22.738625Z,1.1437327807765953,1.143871311239392
2025-08-05T09:05:22.937000Z,1.1437859571214948,1.143933783274004
2025-08-05T09:05:23.000782Z,1.1438659045276498,1.1439393491525218
2025-08-05T09:05:24.106822Z,1.1437894587204243,1.143965171458225
2025-08-05T09:05:24.557021Z,1.1440606437471248,1.1442392466192104
2025-08-05T09:05:25.125337Z,1.1441153682350755,1.1442622586842255
2025-08-05T09:05:25.903692Z,1.1441900367428697,1.144396254410863
2025-08-05T09:05:26.248710Z,1.1443268704192138,1.1444601665576648
2025-08-05T09:05:26.294176Z,1.1444482160623277,1.1446264463586222
2025-08-05T09:05:26.679305Z,1.1446694672447681,1.1447684840278334
2025-08-05T09:05:27.121267Z,1.144829694345377,1.1449785167378332
2025-08-05T09:05:27.805375Z,1.144911756043283,1.145053038330388
2025-08-05T09:05:28.087892Z,1.1450110469818515,1.1451723123779534
2025-08-05T09:05:28.156134Z,1.1451687043117083,1.1453002279652666
2025-08-05T09:05:28.323015Z,1.1452662985595516,1.1454097249297681
2025-08-05T09:05:28.548572Z,1.1454837426305289,1.1456750449891009
2025-08-05T09:05:29.067684Z,1.1456740468831463,1.1458022086712845
2025-08-05T09:05:29.490575Z,1.145880289430382,1.145949960575345
2025-08-05T09:05:29.710678Z,1.1459682064164498,1.1462056856116603
2025-08-05T09:05:31.863776Z,1.1461872982131212,1.1464063709170556
2025-08-05T09:05:32.329193Z,1.1463905197475923,1.146475906612837
2025-08-05T09:05:32.464590Z,1.1463677714729732,1.1465522568632354
2025-08-05T09:05:32.518262Z,1.1465505264389102,1.1466753777003826
2025-08-05T09:05:32.601206Z,1.1466063947663478,1.1467695691271143
2025-08-05T09:05:32.742359Z,1.1466899242493145,1.1468546354557654
2025-08-05T09:05:32.829941Z,1.1468704346258052,1.1470087142357894
2025-08-05T09:05:32.933187Z,1.1471000738151844,1.1472108855319052
2025-08-05T09:05:33.100990Z,1.1472233645941377,1.1473388375415217
2025-08-05T09:05:33.196191Z,1.1473761608178472,1.1474803512220733
2025-08-05T09:05:34.331567Z,1.1476249626068502,1.1477333714964386
2025-08-05T09:05:34.373385Z,1.1477482593432133,1.147894900428711
2025-08-05T09:05:34.745091Z,1.1480826305606655,1.1481968425612101
2025-08-05T09:05:35.009244Z,1.1482145723052215,1.1483986749085073
2025-08-05T09:05:37.028565Z,1.1481884333445762,1.1484127956523429
2025-08-05T09:05:37.087979Z,1.1484213029907568,1.1485423003286885
2025-08-05T09:05:37.341608Z,1.1485544718641116,1.1487164420891385
2025-08-05T09:05:39.086138Z,1.148769402661298,1.1489443869168132
2025-08-05T09:05:40.089260Z,1.1489458067569254,1.1491194068704715
2025-08-05T09:05:40.938592Z,1.1490711589574618,1.1492249567208577
2025-08-05T09:05:41.087730Z,1.1490892472269683,1.1492763813478861
2025-08-05T09:05:41.181430Z,1.149206262039119,1.1493803744867532
2025-08-05T09:05:41.733710Z,1.1493121397166166,1.1494002565955004
2025-08-05T09:05:43.058903Z,1.1493426070647046,1.1495360648679243
2025-08-05T09:05:43.465728Z,1.1495125360359884,1.1497069005778517
2025-08-05T09:05:43.889592Z,1.1498049105009718,1.149916746195763
2025-08-05T09:05:44.053830Z,1.1499411339353043,1.1500930308270765
2025-08-05T09:05:44.787567Z,1.1499628720503396,1.1501470384999803
2025-08-05T09:05:44.891106Z,1.1501454805075941,1.150285014816615
2025-08-05T09:05:45.086650Z,1.1503299351429301,1.1505335840453184
2025-08-05T09:05:45.363722Z,1.1503796615690294,1.1506478551937604
2025-08-05T09:05:45.717964Z,1.1505760307080126,1.1506867314063807
2025-08-05T09:05:45.856770Z,1.1507197721452145,1.1508007199150567
2025-08-05T09:05:45.917762Z,1.1507470335303367,1.150912224460117
2025-08-05T09:05:46.389362Z,1.1509130238919723,1.1510991020172285
2025-08-05T09:05:46.559644Z,1.1510560423398375,1.1511944990211451
2025-08-05T09:05:46.994871Z,1.1511736246604833,1.1513962876936494
2025-08-05T09:05:47.078703Z,1.1513057348424107,1.1513888045524245
2025-08-05T09:05:47.406764Z,1.15135099073157,1.1515356366627216
2025-08-05T09:05:47.787038Z,1.1515662195858543,1.1516859265448165
2025-08-05T09:05:47.813645Z,1.1516092550431902,1.1518452239385004
2025-08-05T09:05:48.018837Z,1.1518604989297978,1.152110124697456
2025-08-05T09:05:48.091012Z,1.1520289427355639,1.1521406099061746
2025-08-05T09:05:48.123748Z,1.1521697467125227,1.152292268855727
2025-08-05T09:05:50.424349Z,1.15233376840706,1.152526747801409
2025-08-05T09:05:50.618914Z,1.1523887640989525,1.1525194075664629
2025-08-05T09:05:51.448949Z,1.1523786116161492,1.1525263410552526
2025-08-05T09:05:51.595893Z,1.1523929366091097,1.1525442060301367
2025-08-05T09:05:52.167964Z,1.1526661042243396,1.1527201205665298
2025-08-05T09:05:52.881997Z,1.1527075922977772,1.1528569004104725
2025-08-05T09:05:53.334720Z,1.1530461661688318,1.1531616797801285
2025-08-05T09:05:53.653648Z,1.153129754028704,1.1532550978875842
2025-08-05T09:05:53.919027Z,1.1532259494080113,1.1534481310081848
2025-08-05T09:05:54.133549Z,1.153539691132979,1.153626865788265
2025-08-05T09:05:55.459827Z,1.1537690325016263,1.1539596927609637
2025-08-05T09:05:56.347631Z,1.154081728284736,1.1542177801382192
2025-08-05T09:05:58.024219Z,1.1543035187261648,1.15443953071774
2025-08-05T09:05:58.090583Z,1.1544849138236677,1.1546744324184701
2025-08-05T09:05:58.746859Z,1.154672207444909,1.1548392100096372
2025-08-05T09:06:00.139923Z,1.154856531205217,1.155035061855078
2025-08-05T09:06:00.239901Z,1.1549373943483399,1.1551358035813666
2025-08-05T09:06:00.274306Z,1.155040858361174,1.155174292942015
2025-08-05T09:06:00.950003Z,1.1551799565654364,1.155299344728711
2025-08-05T09:06:01.377217Z,1.155311524923162,1.1554072673968343
2025-08-05T09:06:02.299256Z,1.1554037489750022,1.1555124784485034
2025-08-05T09:06:02.374535Z,1.155494269428481,1.1557917241497464
2025-08-05T09:06:03.167560Z,1.1557412912021385,1.1559535251811754
2025-08-05T09:06:03.280150Z,1.155945876610919,1.1560283228926087
2025-08-05T09:06:03.369508Z,1.156188966048355,1.156272843150518
2025-08-05T09:06:03.459230Z,1.1561917802019028,1.1563658735049889
2025-08-05T09:06:04.301782Z,1.1563091722944507,1.1564865355343195
2025-08-05T09:06:04.848889Z,1.156389143973239,1.156566588165005
2025-08-05T09:06:05.219077Z,1.156403326149168,1.1565405783594904
2025-08-05T09:06:05.441308Z,1.156527867468893,1.156671594755893
2025-08-05T09:06:06.489909Z,1.1566415359409823,1.15680792991719
2025-08-05T09:06:06.739065Z,1.1568951755606347,1.1570494702109493
2025-08-05T09:06:07.587106Z,1.1571289738346935,1.1571789738346934
2025-08-05T09:06:07.876243Z,1.1571425816990728,1.157281091717544
2025-08-05T09:06:08.112803Z,1.1574316892024652,1.1575391188807522
2025-08-05T09:06:08.423384Z,1.1576323331249356,1.1577910936958808
2025-08-05T09:06:08.602707Z,1.1577406871379146,1.1580399500880447
2025-08-05T09:06:09.291096Z,1.157924319278394,1.1580926933616675
2025-08-05T09:06:09.640397Z,1.1580047728583118,1.158139096374003
2025-08-05T09:06:09.772518Z,1.158081453223471,1.1582775432985697
2025-08-05T09:06:10.921688Z,1.1583095927782099,1.1584837271725703
2025-08-05T09:06:11.163854Z,1.1585880967094033,1.1587591014339258
2025-08-05T09:06:11.555995Z,1.15883494548385,1.159015288013511
2025-08-05T09:06:12.740743Z,1.158898108426781,1.1591509356050227
2025-08-05T09:06:13.230143Z,1.1590300783975644,1.1591235339757984
2025-08-05T09:06:13.292300Z,1.1591368507822357,1.1593105323860764
2025-08-05T09:06:14.697608Z,1.159175796764168,1.159279477707669
2025-08-05T09:06:15.191646Z,1.1592995891360596,1.1594773647683765
2025-08-05T09:06:15.395559Z,1.159462147816002,1.1595662134904279
2025-08-05T09:06:15.470547Z,1.1595515970612653,1.159680728720585
2025-08-05T09:06:16.260548Z,1.159566068798912,1.1597013143032002
2025-08-05T09:06:16.744436Z,1.159709997272949,1.159908788108916
2025-08-05T09:06:17.125643Z,1.1598088490091059,1.160004771731303
2025-08-05T09:06:18.247295Z,1.159912747520645,1.1600004616518225
2025-08-05T09:06:19.024290Z,1.1598025508758372,1.1599552975813874
2025-08-05T09:06:19.106536Z,1.1599573852833809,1.1600719062906435
2025-08-05T09:06:19.293317Z,1.1602419037288592,1.1603289784833255
2025-08-05T09:06:19.436152Z,1.1604784894545912,1.16061763860207
2025-08-05T09:06:20.117336Z,1.1605847239125786,1.1607192997731557
2025-08-05T09:06:20.134390Z,1.1606095548651738,1.1608808906894912
2025-08-05T09:06:20.556247Z,1.1608330544994707,1.1610047024907388
2025-08-05T09:06:21.274954Z,1.1609421104132953,1.1610232295382574
2025-08-05T09:06:22.321788Z,1.1610832142866785,1.1612049755864697
2025-08-05T09:06:22.531125Z,1.161239944386957,1.1614410135517284
2025-08-05T09:06:23.392029Z,1.16144435479319,1.1616987769318337
2025-08-05T09:06:23.450651Z,1.161667932124557,1.1617386329589454
2025-08-05T09:06:24.387523Z,1.1617993777913433,1.1618553815720865
2025-08-05T09:06:24.455713Z,1.1617792786715673,1.1620228269303357
2025-08-05T09:06:24.708870Z,1.1618939599417717,1.16206344065064
2025-08-05T09:06:25.506873Z,1.1620482234296468,1.162154808793053
2025-08-05T09:06:25.588084Z,1.162180644026338,1.1623573754806442
2025-08-05T09:06:25.718281Z,1.1624526105952184,1.1625026105952183
2025-08-05T09:06:26.358803Z,1.1624825193219683,1.1626326880972981
2025-08-05T09:06:26.995351Z,1.1627267269754085,1.1628931180340505
2025-08-05T09:06:27.507773Z,1.1628319956669262,1.163028209173903
2025-08-05T09:06:28.099774Z,1.163019503187118,1.1631188083895032
2025-08-05T09:06:28.491009Z,1.1630767714522279,1.163231055810298
2025-08-05T09:06:28.636051Z,1.16306117259484,1.1631649013635372
2025-08-05T09:06:28.848143Z,1.163239037334181,1.1634018065219647
2025-08-05T09:06:28.948344Z,1.1634642922943006,1.1635695249781826
2025-08-05T09:06:30.143782Z,1.163572376628888,1.1637019715869297
2025-08-05T09:06:30.581587Z,1.1637336002385261,1.1638338094687866
2025-08-05T09:06:30.837710Z,1.1638727695313569,1.164055326343448
2025-08-05T09:06:31.147664Z,1.163892185081509,1.1640851076373417
2025-08-05T09:06:32.619076Z,1.1640217630804564,1.1641600320519585
2025-08-05T09:06:32.702311Z,1.1642165812807914,1.1643684931805394
2025-08-05T09:06:33.143533Z,1.1643018936297769,1.1643794640590452
2025-08-05T09:06:33.496030Z,1.1644375388740889,1.1645725550416883
2025-08-05T09:06:33.968702Z,1.1644720546793164,1.1646195444484644
2025-08-05T09:06:33.977840Z,1.1645828928524156,1.164863932506967
2025-08-05T09:06:35.006187Z,1.164816311629444,1.1649107132781555
2025-08-05T09:06:36.351181Z,1.1647736949197838,1.1649969037817214
2025-08-05T09:06:36.767539Z,1.1650157780436652,1.1652156209823386
2025-08-05T09:06:37.363974Z,1.1651217873159485,1.165285819136173
2025-08-05T09:06:38.642709Z,1.1651674080810819,1.1654053391052914
2025-08-05T09:06:39.256908Z,1.1653605827262914,1.1655291879999217
2025-08-05T09:06:39.339663Z,1.1655899006934087,1.1657593586531922
2025-08-05T09:06:39.769014Z,1.1656685346647422,1.1658158786320911
2025-08-05T09:06:40.235624Z,1.165785131055655,1.165996309499776
2025-08-05T09:06:40.511561Z,1.165964489800411,1.1661693132621014
2025-08-05T09:06:41.178306Z,1.1662036791986259,1.166322395334251
2025-08-05T09:06:42.540144Z,1.166378552497815,1.1664625901380852
2025-08-05T09:06:43.839082Z,1.1664675703926801,1.1666074213608102
2025-08-05T09:06:44.138764Z,1.1665650300551116,1.1666750281268916
2025-08-05T09:06:44.198853Z,1.1666977950605144,1.1668446188317838
2025-08-05T09:06:46.293440Z,1.166729750440838,1.1669416223475721
2025-08-05T09:06:47.206299Z,1.1666981086310615,1.1668252435483073
2025-08-05T09:06:47.272872Z,1.1668656061607754,1.1670134649917099
2025-08-05T09:06:48.541026Z,1.1670761161775003,1.1672290173142406
2025-08-05T09:06:49.560738Z,1.1670246405397111,1.1672170620838216
2025-08-05T09:06:49.926514Z,1.1671657108554847,1.1672157108554846
2025-08-05T09:06:50.373871Z,1.167322968171037,1.1674426331562988
2025-08-05T09:06:50.628453Z,1.1676025472030147,1.1677631113876286
2025-08-05T09:06:50.656612Z,1.1677253417300038,1.167935345677825
2025-08-05T09:06:50.860744Z,1.167859174776459,1.1679845796540835
2025-08-05T09:06:51.672648Z,1.1680263139103932,1.1680824862750911
2025-08-05T09:06:51.674969Z,1.1682133014797271,1.1683942870520254
2025-08-05T09:06:51.877826Z,1.1683427760243623,1.1684610079049211
2025-08-05T09:06:52.131715Z,1.1684433885428263,1.1685339052098715
2025-08-05T09:06:52.517157Z,1.1685398594675402,1.1686586421980545
2025-08-05T09:06:53.779120Z,1.1686043485940203,1.1687451223261374
2025-08-05T09:06:53.991709Z,1.168771089439155,1.168890852205928
2025-08-05T09:06:54.204762Z,1.1690748618806612,1.1691248618806611
2025-08-05T09:06:54.873516Z,1.1691739528997858,1.16936880620963
2025-08-05T09:06:55.174455Z,1.1692930563638348,1.1695068001158988
2025-08-05T09:06:55.301646Z,1.1694343696252503,1.1696169457248171
2025-08-05T09:06:55.602787Z,1.1695097441039803,1.169602859820459
2025-08-05T09:06:55.678697Z,1.1697003325885749,1.1698402580118776
2025-08-05T09:06:55.775724Z,1.1698376198903058,1.1699872938245444
2025-08-05T09:06:56.120668Z,1.1699570972960178,1.1701370370154958
2025-08-05T09:06:56.392106Z,1.1703427085286497,1.1705261255530854
2025-08-05T09:06:57.623752Z,1.1705485331018026,1.1706618244118638
2025-08-05T09:06:57.848769Z,1.1706203720186423,1.1707744717964632
2025-08-05T09:06:58.283220Z,1.1707277333500992,1.1709005973703301
2025-08-05T09:06:58.783415Z,1.17093753346205,1.1711603245781572
2025-08-05T09:06:58.790005Z,1.171113723393169,1.1712989487201604
2025-08-05T09:06:59.334639Z,1.1711530229305993,1.1713424757649682
2025-08-05T09:06:59.432668Z,1.1713886440706445,1.1715428354020407
2025-08-05T09:07:01.055667Z,1.1714548066038237,1.171675329561084
2025-08-05T09:07:01.136140Z,1.171769461453577,1.171939949593375
2025-08-05T09:07:01.403891Z,1.1720316389386463,1.1721385845431376
2025-08-05T09:07:01.448498Z,1.1720912872841593,1.1723114557826657
2025-08-05T09:07:04.332539Z,1.1723546168424437,1.1725395120060704
2025-08-05T09:07:04.681312Z,1.1725382081966156,1.172666055995559
2025-08-05T09:07:05.133722Z,1.1727530292059165,1.1728790545575465
2025-08-05T09:07:05.168438Z,1.1729201375269303,1.1730849663041871
2025-08-05T09:07:05.861506Z,1.1730030654070198,1.1731762246467832
2025-08-05T09:07:05.979307Z,1.1731121087785814,1.1732719733918628
2025-08-05T09:07:07.120964Z,1.1733369218356928,1.1735024872693651
2025-08-05T09:07:07.235758Z,1.1734279589850287,1.1736629568537575
2025-08-05T09:07:07.341543Z,1.173564407503337,1.1737679846609488
2025-08-05T09:07:07.360160Z,1.1736660790012232,1.1738256107807863
2025-08-05T09:07:07.679553Z,1.1738301500246011,1.1740272155536393
2025-08-05T09:07:08.095575Z,1.1741849498634929,1.1742833236683163
2025-08-05T09:07:08.129558Z,1.1742208502022349,1.174390746554732
2025-08-05T09:07:08.876559Z,1.174338943964474,1.1745794092819606
2025-08-05T09:07:09.178476Z,1.174646840417806,1.1747859381230366
2025-08-05T09:07:09.550055Z,1.174808459519034,1.174916077822603
2025-08-05T09:07:09.840646Z,1.1749893221332022,1.1751067176887726
2025-08-05T09:07:10.096695Z,1.1750729979821815,1.1751685163303143
2025-08-05T09:07:10.506777Z,1.1752495828779628,1.1753603447825562
2025-08-05T09:07:10.591129Z,1.1753776000765324,1.1755090746716028
2025-08-05T09:07:10.691532Z,1.1756295570393105,1.1757092786883514
2025-08-05T09:07:11.681007Z,1.175835284750519,1.1759860656672165
2025-08-05T09:07:13.141463Z,1.176159169447129,1.1763542833058183
2025-08-05T09:07:13.375114Z,1.1764005516154312,1.1765051638064237
2025-08-05T09:07:13.532980Z,1.1765171859376482,1.1767431501338301
2025-08-05T09:07:14.049392Z,1.1767100277573836,1.1768855673618102
2025-08-05T09:07:14.312137Z,1.1768239327329164,1.1770254617621978
2025-08-05T09:07:14.324994Z,1.1770447773115646,1.1771618855838721
2025-08-05T09:07:14.409886Z,1.1771384401760754,1.1773311664374289
2025-08-05T09:07:15.039228Z,1.1773533040972874,1.1774487074022675
2025-08-05T09:07:15.577053Z,1.177555782922613,1.177750295297655
2025-08-05T09:07:15.590788Z,1.1776525753694569,1.1778111673364464
2025-08-05T09:07:15.716284Z,1.1778820533485064,1.1780597159095056
2025-08-05T09:07:15.847665Z,1.1781776182795323,1.178268838549251
2025-08-05T09:07:16.404872Z,1.17831607894127,1.1784213254491562
2025-08-05T09:07:16.414826Z,1.1782750216727105,1.178454883083623
2025-08-05T09:07:16.469794Z,1.17842289239255,1.1785254749923388
2025-08-05T09:07:17.274303Z,1.1786389059389755,1.1788120662535804
2025-08-05T09:07:17.372642Z,1.1788377437398927,1.1789193868495695
2025-08-05T09:07:17.901492Z,1.1788628268296253,1.1790552355402588
2025-08-05T09:07:18.037516Z,1.1790322817948287,1.1791206556290903
2025-08-05T09:07:18.089886Z,1.1792054290738914,1.1793830440707753
2025-08-05T09:07:18.229196Z,1.1793995968404116,1.179580878387094
2025-08-05T09:07:18.869743Z,1.1795702815895437,1.1796854429986223
2025-08-05T09:07:19.837661Z,1.1796665437306861,1.1798456450590404
2025-08-05T09:07:20.724286Z,1.1798010890345394,1.179964111147706
2025-08-05T09:07:20.977357Z,1.1799082136032004,1.1800312715103909
2025-08-05T09:07:21.528795Z,1.180196077358326,1.1802956496241221
2025-08-05T09:07:21.643492Z,1.1803519897353505,1.180403858450767
2025-08-05T09:07:21.816959Z,1.1805408951427674,1.1807083776451324
2025-08-05T09:07:22.950258Z,1.1808582034080966,1.1809299632695283
2025-08-05T09:07:22.956802Z,1.181047359258415,1.1812021264683872
2025-08-05T09:07:23.001496Z,1.1811807758420807,1.1813176034312765
2025-08-05T09:07:23.118021Z,1.1813438922435344,1.1815278493823065
2025-08-05T09:07:23.131466Z,1.1815234130008474,1.181658310725873
2025-08-05T09:07:23.231568Z,1.1816138456877507,1.1817473732984334
2025-08-05T09:07:23.668952Z,1.1817684540485316,1.1819550475837461
2025-08-05T09:07:23.942545Z,1.181847933157473,1.1820146860589271
2025-08-05T09:07:25.058477Z,1.1820939212732031,1.1822597290710624
2025-08-05T09:07:25.908825Z,1.1822129919278868,1.1823864553073773
2025-08-05T09:07:26.117961Z,1.1824355836895661,1.1825088050834058
2025-08-05T09:07:26.268124Z,1.1825569643504927,1.1827448037844919
2025-08-05T09:07:26.506894Z,1.1826991291593076,1.1828797525990082
2025-08-05T09:07:26.953053Z,1.1829413076533557,1.183040473496927
2025-08-05T09:07:27.109084Z,1.183044770864882,1.1831825668411984
2025-08-05T09:07:27.598365Z,1.1832624502266744,1.183410484862293
2025-08-05T09:07:27.861683Z,1.1833232396154703,1.1834665147762502
2025-08-05T09:07:28.263217Z,1.183479295714032,1.1836459887123607
2025-08-05T09:07:28.549680Z,1.183754170958395,1.1839757392974866
2025-08-05T09:07:28.724080Z,1.1838473687916522,1.1840514571280358
2025-08-05T09:07:30.206714Z,1.1840157271976983,1.184100116238027
2025-08-05T09:07:30.927841Z,1.1841643415681467,1.1843454450676618
2025-08-05T09:07:31.003318Z,1.18431897837851,1.1845354250444866
2025-08-05T09:07:32.017570Z,1.184527633363793,1.1846969737898276
2025-08-05T09:07:32.351730Z,1.184705512504152,1.1849100615254111
2025-08-05T09:07:33.476500Z,1.1848888581746846,1.1851394716969694
2025-08-05T09:07:34.280857Z,1.1851552388311264,1.1853564243084316
2025-08-05T09:07:34.557735Z,1.1853645478338293,1.1855270132636115
2025-08-05T09:07:34.569098Z,1.1854865167317543,1.1856887711554585
2025-08-05T09:07:34.725548Z,1.185718648782986,1.1858758931746407
2025-08-05T09:07:35.115592Z,1.1860222370771438,1.1861734322293083
2025-08-05T09:07:35.617441Z,1.1861818909578343,1.1863143202460484
2025-08-05T09:07:35.766568Z,1.1862221328356066,1.186450303503548
2025-08-05T09:07:35.841605Z,1.186523884533606,1.186632963100309
2025-08-05T09:07:36.742299Z,1.186616656215555,1.1868432746017887
2025-08-05T09:07:38.822611Z,1.186642399473534,1.186817392679721
2025-08-05T09:07:39.195558Z,1.1869132008983876,1.1869932355896473
2025-08-05T09:07:39.289735Z,1.1869902651006583,1.187158647565308
2025-08-05T09:07:39.448673Z,1.187203686708843,1.1872536867088428
2025-08-05T09:07:39.457954Z,1.1873236123889062,1.1875048877897478
2025-08-05T09:07:40.686398Z,1.187492346557387,1.1876866081315365
2025-08-05T09:07:40.749039Z,1.187742950842427,1.1878633330446444
2025-08-05T09:07:41.178659Z,1.1878542950604272,1.1880104724452247
2025-08-05T09:07:41.338800Z,1.1880079160361843,1.1882556239078716
2025-08-05T09:07:41.742718Z,1.188211888814371,1.1883366014791577
2025-08-05T09:07:42.269662Z,1.1884419772817898,1.1885390319024371
2025-08-05T09:07:43.154882Z,1.188585722405138,1.188809805575261
2025-08-05T09:07:43.270483Z,1.188666690259598,1.1889148196191246
2025-08-05T09:07:43.276011Z,1.188957839150064,1.1891080239336564
2025-08-05T09:07:43.349615Z,1.189055349443441,1.1892559225952115
2025-08-05T09:07:44.501001Z,1.1892689908412053,1.189486064636982
2025-08-05T09:07:45.536302Z,1.1895106052179816,1.1896234810063546
2025-08-05T09:07:45.991224Z,1.1898021680855602,1.189927902793792
2025-08-05T09:07:46.450016Z,1.1899054867317185,1.190117030457376
2025-08-05T09:07:46.996883Z,1.1900312084541667,1.190265459168102
2025-08-05T09:07:47.093294Z,1.1902207474701285,1.1903988915131372
2025-08-05T09:07:48.322399Z,1.1903975295944114,1.1905035388767362
2025-08-05T09:07:48.593704Z,1.1905478742472952,1.1907972273028802
2025-08-05T09:07:48.835259Z,1.1906551669372274,1.190778618392337
2025-08-05T09:07:49.201117Z,1.1907361416680688,1.1908693847790104
2025-08-05T09:07:49.225169Z,1.1908041698415381,1.1909712867332627
2025-08-05T09:07:49.316100Z,1.1910073543763726,1.1912350623974084
2025-08-05T09:07:49.985870Z,1.1913143266205888,1.1915070254194162
2025-08-05T09:07:50.029084Z,1.191481466604341,1.1916522098793592
2025-08-05T09:07:50.491185Z,1.1916318049599997,1.1918049693865056
2025-08-05T09:07:50.631935Z,1.1918115125034765,1.1919636882369087
2025-08-05T09:07:50.878506Z,1.192048156206156,1.192226063181882
2025-08-05T09:07:51.048832Z,1.1922083174307903,1.1922583174307901
2025-08-05T09:07:51.268606Z,1.192347639738976,1.1924828093660225
2025-08-05T09:07:51.903388Z,1.1925702817249697,1.1927323478217156
2025-08-05T09:07:52.079674Z,1.192806492167884,1.1928989414637032
2025-08-05T09:07:52.497496Z,1.1929467154793876,1.193116031645278
2025-08-05T09:07:52.820676Z,1.1931997594289967,1.1933395358679475
2025-08-05T09:07:53.365509Z,1.193117549408461,1.193355323193377
2025-08-05T09:07:54.746470Z,1.1933368873484047,1.1935655383346655
2025-08-05T09:07:55.405923Z,1.1935051308346767,1.1936318405562207
2025-08-05T09:07:55.526921Z,1.1935284585412989,1.1936709166557207
2025-08-05T09:07:55.542761Z,1.193729406082546,1.1938757087042657
2025-08-05T09:07:55.694846Z,1.194004974021467,1.1941323910476593
2025-08-05T09:07:56.146876Z,1.1941443974597847,1.1943041487089863
2025-08-05T09:07:56.173274Z,1.1944037324782562,1.194515818374812
2025-08-05T09:07:56.516227Z,1.194696884395992,1.1947903536292452
2025-08-05T09:07:56.970441Z,1.1949152241777758,1.195096359738971
2025-08-05T09:07:57.173857Z,1.1952010842712413,1.1953825607504525
2025-08-05T09:07:57.910682Z,1.1954573990831463,1.195567183295163
2025-08-05T09:07:57.967041Z,1.1955867428616012,1.195781510633139
2025-08-05T09:07:58.006096Z,1.1956742887557903,1.1957927098693322
2025-08-05T09:07:58.657420Z,1.1958007381788327,1.1959633964407346
2025-08-05T09:07:58.999505Z,1.195891627227904,1.1960826444285348
2025-08-05T09:07:59.582526Z,1.1962382519760189,1.1963865713477837
2025-08-05T09:07:59.867838Z,1.1963800795458372,1.1965528165914445
2025-08-05T09:08:00.009286Z,1.196580335134179,1.1967045136519845
2025-08-05T09:08:00.864198Z,1.1967796654869414,1.19691984215777
2025-08-05T09:08:01.667459Z,1.1969502856896475,1.1970899927181036
2025-08-05T09:08:02.260683Z,1.1972547148696648,1.197367385952338
2025-08-05T09:08:02.419510Z,1.197362505468253,1.1975036667600971
2025-08-05T09:08:02.865590Z,1.1975785174129714,1.197651086498028
2025-08-05T09:08:03.089495Z,1.1976656304382671,1.1977910727509102
2025-08-05T09:08:03.137520Z,1.1977320809946204,1.1978678372199518
2025-08-05T09:08:04.383870Z,1.197854678283377,1.1979918692957523
2025-08-05T09:08:04.457435Z,1.1980195844112504,1.198157509538957
2025-08-05T09:08:05.957680Z,1.1981519268361112,1.1982988386261182
2025-08-05T09:08:06.252981Z,1.1982562069052085,1.198430178981113
